{
	"appId": "com.bruno.callshield",
	"appName": "Call Shield Guardian",
	"webDir": "dist",
	"server": {
		"url": "https://8458a5d6-7702-4670-9804-6353f343f574.lovableproject.com?forceHideBadge=true",
		"cleartext": true
	},
	"android": {
		"intentFilters": [
			{
				"action": "android.intent.action.VIEW"
			}
		]
	},
	"plugins": {
		"SplashScreen": {
			"launchShowDuration": 2000,
			"backgroundColor": "#1F51E6",
			"showSpinner": false,
			"androidSpinnerStyle": "large",
			"splashFullScreen": true,
			"splashImmersive": true
		},
		"Permissions": {
			"permissions": [
				"android.permission.INTERNET",
				"android.permission.ACCESS_NETWORK_STATE",
				"android.permission.READ_PHONE_STATE",
				"android.permission.RECEIVE_SMS",
				"android.permission.SEND_SMS",
				"android.permission.READ_SMS",
				"android.permission.CALL_PHONE",
				"android.permission.READ_CALL_LOG"
			]
		}
	}
}
